Marca temporal,Municipio de Residencia en Jalisco,Sexo,Fecha de nacimiento,Usted o algún familiar que viva en su domicilio ha tenido COVID-19?,En su hogar cuenta con un servicio de salud?,Sobre seguro de gastos médicos mayores,¿Alguna(s) de las personas que sostienen económicamente el hogar perdieron su trabajo a causa de la pandemia?,Para las personas o familiares que tiene negocio ¿Cómo le ha afectado la pandemia a su negocio?,"Para los empleados, en su trabajo...",Comparando Mayo 2020 y Mayo 2021,Por favor apóyanos escribiendo cómo considera usted que la pandemia ha afectado a su familia económicamente,
2021/06/01 12:38:04 p. m. GMT-5,Tlajomulco,Mujer,30/11/1992,No,Seguro de gastos médicos mayores,Cuento con seguro de gastos médicos mayores,No,,No me afectó ni a mis familiares,Mis ingresos  quedaron igual,,1
2021/06/01 12:39:51 p. m. GMT-5,Zapopan,Hombre,04/12/1983,No,IMSS,Cuento con seguro de gastos médicos mayores,No,El negocio cerró. No teníamos como sostener los gastos,No me afectó ni a mis familiares,Mis ingresos  quedaron igual,"Afortunadamente, hemos podido trabajar desde la casa y esto hace que aún tengamos un trabajo activo.",2
2021/06/01 12:41:09 p. m. GMT-5,Tlaquepaque,Mujer,17/11/1983,No,Seguro de gastos médicos mayores,Cuento con seguro de gastos médicos mayores,No,"El negocio sigue abierto, pero hemos tenido baja de ingresos",No me afectó ni a mis familiares,Mis ingresos  quedaron igual,"Trabajo disminuyo, medidas de prevención aumentaron, se dejo de salir ",3
2021/06/01 12:41:37 p. m. GMT-5,Tlaquepaque,Mujer,01/04/1991,No,Seguro de gastos médicos mayores,Cuento con seguro de gastos médicos mayores,No,"No me ha afectado. Al contrario, ha mejorado",Otro,Mis ingresos aumentaron,,
2021/06/01 12:41:53 p. m. GMT-5,Tlaquepaque,Mujer,26/09/2021,No,Seguro de gastos médicos mayores,Cuento con seguro de gastos médicos mayores,No,No me ha afectado,No me afectó ni a mis familiares,Mis ingresos aumentaron,La vdd  es que  me  independice  y  empece  algo  nuevo y que me apasiona  asi que  no me afecto ,
2021/06/01 12:42:47 p. m. GMT-5,Guadalajara,Mujer,06/06/1984,No,IMSS,Cuento con seguro de gastos médicos mayores,No,"El negocio sigue abierto, pero hemos tenido baja de ingresos",Hubo reducción en mis prestaciones para poder continuar con el trabajo,Mis ingresos bajaron,"Tecnicamente igual porque como ha habido menos salidas (menos gasto de ropa, trayecto, comidas fuera) al igual que menos ingreso.",1
2021/06/01 12:43:32 p. m. GMT-5,Tlaquepaque,Hombre,22/03/1985,No,Seguro de gastos médicos mayores,Cuento con seguro de gastos médicos mayores,No,,No me afectó ni a mis familiares,Mis ingresos  quedaron igual,En temporadas ha disminuido los flujos de trabajo; pero ha habido recuperación en otros meses.,4
2021/06/01 12:44:49 p. m. GMT-5,Tlaquepaque,Mujer,04/10/1985,No,IMSS,Cuento con seguro de gastos médicos mayores,No,No me ha afectado,No me afectó ni a mis familiares,Mis ingresos  quedaron igual,No ha sido afectada ,5
2021/06/01 12:45:40 p. m. GMT-5,Zapopan,Hombre,20/05/1995,Sí,Seguro de gastos médicos mayores,Cuento con seguro de gastos médicos mayores,Sí,El negocio cerró. No teníamos como sostener los gastos,Perdí mi trabajo a causa de la pandemia,Mis ingresos aumentaron,,
2021/06/01 12:46:14 p. m. GMT-5,Zapopan,Hombre,25/02/1997,No,IMSS,Cuento con seguro de gastos médicos mayores,No,No me ha afectado,No me afectó ni a mis familiares,Mis ingresos  quedaron igual,No ha afectado tanto,6
2021/06/01 12:50:44 p. m. GMT-5,Tlaquepaque,Mujer,06/06/1981,No,Seguro de gastos médicos mayores,Cuento con seguro de gastos médicos mayores,Sí,"El negocio sigue abierto, pero hemos tenido baja de ingresos",Hubo reducción en mis prestaciones para poder continuar con el trabajo,Mis ingresos bajaron,Todo está pausado se reactiva lentamente ,2
2021/06/01 12:51:55 p. m. GMT-5,Tlaquepaque,Mujer,06/12/1984,No,IMSS,No he hecho el esfuerzo por tenerlo,No,Otro,No me afectó ni a mis familiares,Mis ingresos  quedaron igual,"En el aumento de ciertos productos, con el aumento principalmente de la electricidad y del consumo de servicios públicos en el hogar",1
2021/06/01 12:52:08 p. m. GMT-5,Tlaquepaque,Mujer,08/06/1973,No,IMSS,No he hecho el esfuerzo por tenerlo,No,,Hubo reducción en mis prestaciones para poder continuar con el trabajo,Mis ingresos  quedaron igual,"Mi esposo ha conservado su trabajo, pero viaja mucho, la empresa no disminuyó los viajes y no estamos en condiciones de negarnos a eso por el riesgo de perder ese ingreso",2
2021/06/01 12:56:50 p. m. GMT-5,Zapopan,Hombre,19/06/1998,Sí,IMSS,No cuento con él porque no me alcanza el dinero,No,"No me ha afectado. Al contrario, ha mejorado",Otro,Mis ingresos aumentaron,,1
2021/06/01 12:57:35 p. m. GMT-5,Zapopan,Hombre,01/08/1991,Sí,Seguro de gastos médicos mayores,Cuento con seguro de gastos médicos mayores,No,"No me ha afectado. Al contrario, ha mejorado",Hubo recorte de personal pero yo seguí con mi trabajo,Mis ingresos aumentaron,Mi familia no fue afectada económicamente,
2021/06/01 12:58:04 p. m. GMT-5,Zapopan,Hombre,10/05/1996,Sí,Seguro de gastos médicos mayores,Cuento con seguro de gastos médicos mayores,No,No me ha afectado,No me afectó ni a mis familiares,Mis ingresos bajaron,"La empresa de mis papas es del giro médico, por lo tanto, la pandemia de alguna manera nos beneficio",3
2021/06/01 12:58:45 p. m. GMT-5,Zapopan,Hombre,15/06/1998,No,Seguro de gastos médicos mayores,Cuento con seguro de gastos médicos mayores,No,Otro,"Me descansaron, dejé de trabajar temporalmente y dejaron de pagarme",Mis ingresos aumentaron,,
2021/06/01 1:00:06 p. m. GMT-5,Guadalajara,Hombre,10/03/1991,No,Seguro de gastos médicos mayores,Cuento con seguro de gastos médicos mayores,No,Otro,Otro,Mis ingresos bajaron,En general la afectación es negativa en el sentido que las comisiones se han visto reducidas dramáticamente. Por mi parte estoy emprendiendo y ha sido complicado el inicio durante este periodo.,4
2021/06/01 1:00:09 p. m. GMT-5,Otro,Mujer,08/06/2002,No,Otro,No he hecho el esfuerzo por tenerlo,Sí,No me ha afectado,Otro,Mis ingresos bajaron,Si ,1
2021/06/01 1:00:30 p. m. GMT-5,Tlaquepaque,Mujer,10/08/1997,Sí,No tiene acceso a servicios públicos,Cuento con seguro de gastos médicos mayores,No,"El negocio sigue abierto, pero hemos tenido baja de ingresos",Hubo recorte de personal pero yo seguí con mi trabajo,Mis ingresos  quedaron igual,,7
2021/06/01 1:00:52 p. m. GMT-5,Tlaquepaque,Mujer,27/07/1990,Sí,Seguro de gastos médicos mayores,Cuento con seguro de gastos médicos mayores,No,Otro,No me afectó ni a mis familiares,Mis ingresos  quedaron igual,"Sólo en aumentos que no se pudieron dar por la pandemia, de lo contrario siguió igual",8
2021/06/01 1:03:30 p. m. GMT-5,Zapopan,Hombre,20/08/1996,No,IMSS,No he hecho el esfuerzo por tenerlo,No,"El negocio sigue abierto, pero hemos tenido baja de ingresos",Hubo recorte de personal pero yo seguí con mi trabajo,Mis ingresos  quedaron igual,"Ha pospuesto proyectos que se tenían planeados poner en marcha. Afortunadamente nadie perdió su trabajo, pero se perdieron oportunidades de crecer.",3
2021/06/01 1:04:18 p. m. GMT-5,Zapopan,Hombre,29/10/1997,Sí,Seguro de gastos médicos mayores,Cuento con seguro de gastos médicos mayores,No,,Hubo recorte de personal pero yo seguí con mi trabajo,Mis ingresos aumentaron,Quizás han incrementado un poco los gastos de la luz. Fuera de eso creo que todo sigue igual.,
2021/06/01 1:06:37 p. m. GMT-5,Zapopan,Hombre,26/07/1997,No,Seguro de gastos médicos mayores,Cuento con seguro de gastos médicos mayores,No,"El negocio sigue abierto, pero hemos tenido baja de ingresos",,Mis ingresos bajaron,"Nadie va al dentista, por lo que no hay ingresos fuertes en la casa ",5
2021/06/01 1:06:51 p. m. GMT-5,Tlajomulco,Hombre,17/05/1998,Sí,Seguro de gastos médicos mayores,Cuento con seguro de gastos médicos mayores,No,"El negocio sigue abierto, pero hemos tenido baja de ingresos",No me afectó ni a mis familiares,Mis ingresos aumentaron,"En el negocio familiar, las ventas fueron afectadas",
2021/06/01 1:07:21 p. m. GMT-5,Zapopan,Hombre,26/11/1991,No,No tiene acceso a servicios públicos,Otro,Sí,"El negocio sigue abierto, pero hemos tenido baja de ingresos",Otro,Mis ingresos bajaron,,
2021/06/01 1:08:18 p. m. GMT-5,Guadalajara,Mujer,30/07/1999,Sí,Seguro de gastos médicos mayores,Cuento con seguro de gastos médicos mayores,No,"El negocio sigue abierto, pero hemos tenido baja de ingresos",No me afectó ni a mis familiares,Mis ingresos aumentaron,Menos ingresos,
2021/06/01 1:08:59 p. m. GMT-5,Tlajomulco,Mujer,23/09/2021,No,Seguro de gastos médicos mayores,Cuento con seguro de gastos médicos mayores,No,,Hubo recorte de personal pero yo seguí con mi trabajo,Mis ingresos bajaron,,6
2021/06/01 1:10:57 p. m. GMT-5,Tonalá,Hombre,06/02/1996,No,Otro,No cuento con él porque no me alcanza el dinero,Sí,"No me ha afectado. Al contrario, ha mejorado",Hubo recorte de personal pero yo seguí con mi trabajo,Mis ingresos aumentaron,Positivamente. El sector tecnologico crecio bastante lo que me permitio obtener mas ofertas laborales y mejores ingresos,2
2021/06/01 1:11:10 p. m. GMT-5,Tlajomulco,Hombre,21/07/1999,No,IMSS,No he hecho el esfuerzo por tenerlo,No,"El negocio sigue abierto, pero hemos tenido baja de ingresos",Otro,Mis ingresos bajaron,Bajaron ingresos en un 40% ,2
2021/06/01 1:11:20 p. m. GMT-5,Zapopan,Hombre,10/12/1983,No,IMSS,Cuento con seguro de gastos médicos mayores,No,"El negocio sigue abierto, pero hemos tenido baja de ingresos",Hubo reducción en mis prestaciones para poder continuar con el trabajo,Mis ingresos  quedaron igual,Nuestras prestaciones han sido disminuidas para mantener el empleo (principalmente en el año pasado) y bueno indirectamente a los familiares lejanos con negocios que han sufrido una baja en sus ventas y algunos tienen adeudos con el seguro social ya con persecución por parte de IMSS,9
2021/06/01 1:14:00 p. m. GMT-5,Zapopan,Hombre,13/05/1989,No,ISSTE,No he hecho el esfuerzo por tenerlo,Sí,"El negocio sigue abierto, pero hemos tenido baja de ingresos",Hubo recorte de personal pero yo seguí con mi trabajo,Mis ingresos bajaron,,3
2021/06/01 1:17:46 p. m. GMT-5,Zapopan,Mujer,13/07/1981,No,IMSS,Cuento con seguro de gastos médicos mayores,No,El negocio cerró. No teníamos como sostener los gastos,Hubo recorte de personal pero yo seguí con mi trabajo,Mis ingresos  quedaron igual,,0
2021/06/01 1:21:04 p. m. GMT-5,Guadalajara,Mujer,11/12/1985,Sí,IMSS,No cuento con él porque no me alcanza el dinero,No,El negocio cerró. No teníamos como sostener los gastos,No me afectó ni a mis familiares,Mis ingresos  quedaron igual,Se incrementaron gastos luz agua internet alimentos ,4
2021/06/01 1:22:17 p. m. GMT-5,Zapopan,Hombre,22/05/1998,Sí,IMSS,Cuento con seguro de gastos médicos mayores,No,"El negocio sigue abierto, pero hemos tenido baja de ingresos",No me afectó ni a mis familiares,Mis ingresos  quedaron igual,De la chingada muchos muertos ,1
2021/06/01 1:25:30 p. m. GMT-5,Zapopan,Hombre,28/08/2000,Sí,IMSS,No cuento con él porque no me alcanza el dinero,No,"No me ha afectado. Al contrario, ha mejorado",No me afectó ni a mis familiares,Mis ingresos aumentaron,"No nos ha afectado mucho económicamente, pero sí en términos de Salud ",3
2021/06/01 1:26:51 p. m. GMT-5,Zapopan,Hombre,02/11/1989,Sí,IMSS,No cuento con él porque no me alcanza el dinero,No,Otro,No me afectó ni a mis familiares,Mis ingresos  quedaron igual,si,5
2021/06/01 1:27:15 p. m. GMT-5,Zapopan,Mujer,02/02/1984,No,IMSS,Tenía pero por la pandemia tuve que dejar de pagarlo,No,El negocio cerró. No teníamos como sostener los gastos,No me afectó ni a mis familiares,Mis ingresos bajaron,Ha afectado negativamente por el alza de precios. ,4
2021/06/01 1:28:55 p. m. GMT-5,Tlaquepaque,Mujer,15/04/1960,Sí,ISSTE,Cuento con seguro de gastos médicos mayores,No,No me ha afectado,No me afectó ni a mis familiares,Mis ingresos  quedaron igual,En general no ha afectato mucho a mi familia,2
2021/06/01 1:30:51 p. m. GMT-5,Zapopan,Mujer,30/10/1987,No,No tiene acceso a servicios públicos,No he hecho el esfuerzo por tenerlo,No,"El negocio sigue abierto, pero hemos tenido baja de ingresos",No me afectó ni a mis familiares,Mis ingresos  quedaron igual,,6
2021/06/01 1:35:49 p. m. GMT-5,Tlaquepaque,Mujer,26/08/1981,Sí,IMSS,No cuento con él porque no me alcanza el dinero,No,,No me afectó ni a mis familiares,Mis ingresos  quedaron igual,Si hubo afectación porque gastaba uno más ,7
2021/06/01 1:37:01 p. m. GMT-5,Guadalajara,Mujer,17/12/1991,Sí,Seguro de gastos médicos mayores,Cuento con seguro de gastos médicos mayores,No,"El negocio sigue abierto, pero hemos tenido baja de ingresos",Hubo recorte de personal pero yo seguí con mi trabajo,Mis ingresos aumentaron,,
2021/06/01 1:38:16 p. m. GMT-5,Tlajomulco,Hombre,24/01/1998,No,Seguro de gastos médicos mayores,Cuento con seguro de gastos médicos mayores,No,No me ha afectado,No me afectó ni a mis familiares,Mis ingresos  quedaron igual,"La dinámica de la vida cotidiana ha sido diferente, pero no nos a afectado tanto ",3
2021/06/01 1:39:05 p. m. GMT-5,Guadalajara,Mujer,06/10/1998,Sí,Seguro de gastos médicos mayores,Cuento con seguro de gastos médicos mayores,No,"El negocio sigue abierto, pero hemos tenido baja de ingresos",Otro,Mis ingresos  quedaron igual,"Altos y bajos, la mayoría son abogados y con el cierre de juzgados se complicó todo. ",4
2021/06/01 1:39:16 p. m. GMT-5,Tlaquepaque,Mujer,06/06/1981,No,Seguro de gastos médicos mayores,Cuento con seguro de gastos médicos mayores,Sí,"El negocio sigue abierto, pero hemos tenido baja de ingresos",Hubo reducción en mis prestaciones para poder continuar con el trabajo,Mis ingresos bajaron,Todo está pausado se reactiva lentamente ,7
2021/06/01 1:40:26 p. m. GMT-5,Zapopan,Hombre,05/05/1998,No,IMSS,No he hecho el esfuerzo por tenerlo,Sí,El negocio cerró. No teníamos como sostener los gastos,"Me descansaron, dejé de trabajar temporalmente y dejaron de pagarme",Mis ingresos  quedaron igual,Las fuentes de empleo bajaron y con ello también los sueldos. Además de negocios como los relacionados con las escuelas son uno de los sectores más afectados.,8
2021/06/01 1:42:20 p. m. GMT-5,Guadalajara,Hombre,28/04/1999,No,No tiene acceso a servicios públicos,No he hecho el esfuerzo por tenerlo,No,"El negocio sigue abierto, pero hemos tenido baja de ingresos",No me afectó ni a mis familiares,Mis ingresos bajaron,"Si nos ha afectado, pero no hemos carecido de nada importante",5
2021/06/01 1:44:09 p. m. GMT-5,Guadalajara,Hombre,19/08/1998,No,Seguro de gastos médicos mayores,Cuento con seguro de gastos médicos mayores,No,"El negocio sigue abierto, pero hemos tenido baja de ingresos",Hubo recorte de personal pero yo seguí con mi trabajo,Mis ingresos  quedaron igual,"Para la cabeza de familia ha estado algo crítico, pero para los demás ah estado manteniéndose igual ",5
2021/06/01 2:22:32 p. m. GMT-5,Zapopan,Hombre,17/07/1990,Sí,IMSS,No he hecho el esfuerzo por tenerlo,No,No me ha afectado,No me afectó ni a mis familiares,Mis ingresos aumentaron,"Principalmente de manera mental por tanto tiempo de encierro, la pandemia no permitió que la familia se juntara ya que los miembros de la familia viven en diferentes ciudades. ",4
2021/06/01 2:26:21 p. m. GMT-5,Guadalajara,Hombre,03/02/1998,No,IMSS,Cuento con seguro de gastos médicos mayores,No,"El negocio sigue abierto, pero hemos tenido baja de ingresos",Hubo recorte de personal pero yo seguí con mi trabajo,Mis ingresos aumentaron,Menos comisiones para los que trabajan con ese esquema,
2021/06/01 2:37:31 p. m. GMT-5,Guadalajara,Mujer,01/01/1983,No,Seguro de gastos médicos mayores,Cuento con seguro de gastos médicos mayores,No,"El negocio sigue abierto, pero hemos tenido baja de ingresos",Otro,Mis ingresos  quedaron igual,,6
2021/06/01 2:48:19 p. m. GMT-5,Zapopan,Hombre,,No,,No he hecho el esfuerzo por tenerlo,No,,No me afectó ni a mis familiares,Mis ingresos aumentaron,"No me ha afectado, al contrario ya que no me desplazo los 35 km diarios y he tenido un gato menor en combustible. Estoy más tiempo con la familia. Tengo IMSS e Issste pero no me da la opción de poner los dos",5
2021/06/01 2:50:47 p. m. GMT-5,Guadalajara,Hombre,16/08/1984,No,IMSS,No he hecho el esfuerzo por tenerlo,No,Otro,Otro,Mis ingresos bajaron,No hemos tenido afectaciones económicas.,6
2021/06/01 2:51:08 p. m. GMT-5,Zapopan,Hombre,06/09/1991,No,IMSS,No he hecho el esfuerzo por tenerlo,No,Otro,Hubo recorte de personal pero yo seguí con mi trabajo,Mis ingresos aumentaron,Ninguna,6
2021/06/01 2:54:34 p. m. GMT-5,Zapopan,Mujer,21/07/1996,No,Seguro de gastos médicos mayores,Cuento con seguro de gastos médicos mayores,Sí,"El negocio sigue abierto, pero hemos tenido baja de ingresos",Hubo recorte de personal pero yo seguí con mi trabajo,Mis ingresos aumentaron,"A mis papás negativamente, para mí positivamente ",1
2021/06/01 2:56:31 p. m. GMT-5,Tlaquepaque,Mujer,19/12/1995,Sí,Seguro de gastos médicos mayores,Cuento con seguro de gastos médicos mayores,No,No me ha afectado,No me afectó ni a mis familiares,Mis ingresos aumentaron,"Afortunadamente, no hubo afectaciones económicas",2
2021/06/01 3:10:50 p. m. GMT-5,Zapopan,Hombre,28/08/2000,Sí,IMSS,No cuento con él porque no me alcanza el dinero,No,"No me ha afectado. Al contrario, ha mejorado",No me afectó ni a mis familiares,Mis ingresos aumentaron,"No nos ha afectado mucho económicamente, pero sí en términos de Salud ",7
2021/06/01 3:13:47 p. m. GMT-5,Tlajomulco,Mujer,18/12/1983,No,Seguro de gastos médicos mayores,Cuento con seguro de gastos médicos mayores,No,El negocio cerró. No teníamos como sostener los gastos,Hubo recorte de personal pero yo seguí con mi trabajo,Mis ingresos  quedaron igual,Emocionalmente y en aprendizaje en los niños pequeños,7
2021/06/01 3:29:32 p. m. GMT-5,Tlajomulco,Hombre,04/08/1963,No,IMSS,No he hecho el esfuerzo por tenerlo,No,No me ha afectado,No me afectó ni a mis familiares,Mis ingresos  quedaron igual,Creo que económicamente no me vi afectado,9
2021/06/01 3:30:52 p. m. GMT-5,Zapopan,Hombre,0055-10-28,Sí,Seguro de gastos médicos mayores,Cuento con seguro de gastos médicos mayores,No,"El negocio sigue abierto, pero hemos tenido baja de ingresos",Hubo recorte de personal pero yo seguí con mi trabajo,Mis ingresos  quedaron igual,Los ingresos han bajado.,8
2021/06/01 3:36:03 p. m. GMT-5,Zapopan,Mujer,19/06/1958,Sí,Seguro de gastos médicos mayores,Cuento con seguro de gastos médicos mayores,No,"El negocio sigue abierto, pero hemos tenido baja de ingresos",No me afectó ni a mis familiares,Mis ingresos  quedaron igual,"En realidad ha afectado más a nuestros 2 hijos, que a mi esposo y a mí.",9
2021/06/01 3:44:35 p. m. GMT-5,Zapopan,Hombre,08/06/1998,No,Seguro de gastos médicos mayores,Cuento con seguro de gastos médicos mayores,No,"El negocio sigue abierto, pero hemos tenido baja de ingresos",No me afectó ni a mis familiares,Mis ingresos  quedaron igual,El ingreso global disminuyó entre 20% y 30%,0
2021/06/01 3:46:28 p. m. GMT-5,Zapopan,Mujer,16/08/1999,No,Seguro de gastos médicos mayores,Cuento con seguro de gastos médicos mayores,No,Otro,No me afectó ni a mis familiares,Mis ingresos  quedaron igual,"Económicamente creo que de manera indirecta, algunos factores que han cambiado por toda la afectación que habían terceros,pero de manera directa en cuanto a ingresos no",1
2021/06/01 4:09:19 p. m. GMT-5,Tlajomulco,Hombre,05/07/1980,No,Seguro de gastos médicos mayores,Cuento con seguro de gastos médicos mayores,No,"El negocio sigue abierto, pero hemos tenido baja de ingresos",No me afectó ni a mis familiares,Mis ingresos  quedaron igual,,2
2021/06/01 4:21:17 p. m. GMT-5,Zapopan,Hombre,24/09/1988,No,IMSS,No he hecho el esfuerzo por tenerlo,No,Otro,Hubo recorte de personal pero yo seguí con mi trabajo,Mis ingresos  quedaron igual,Difícil dadas las restricciones ,0
2021/06/01 4:23:24 p. m. GMT-5,Tlaquepaque,Mujer,08/04/1984,Sí,IMSS,No he hecho el esfuerzo por tenerlo,No,Otro,Otro,Mis ingresos bajaron,"Solo afectaron a nivel salud, pero nada considerable",7
2021/06/01 4:26:08 p. m. GMT-5,Guadalajara,Hombre,27/03/1985,No,Seguro de gastos médicos mayores,Cuento con seguro de gastos médicos mayores,No,"El negocio sigue abierto, pero hemos tenido baja de ingresos",No me afectó ni a mis familiares,Mis ingresos  quedaron igual,Estamos en un sector económico básico y nos afectó moderadamente,3
2021/06/01 4:32:44 p. m. GMT-5,Tlajomulco,Mujer,24/07/1978,No,IMSS,Cuento con seguro de gastos médicos mayores,No,"El negocio sigue abierto, pero hemos tenido baja de ingresos",Otro,Mis ingresos aumentaron,Estamos más limitados en salidas a comer fuera y lugares de entretenimiento.,3
2021/06/01 4:42:16 p. m. GMT-5,Zapopan,Mujer,,No,Seguro de gastos médicos mayores,Cuento con seguro de gastos médicos mayores,No,,Hubo recorte de personal pero yo seguí con mi trabajo,Mis ingresos  quedaron igual,"Se han tenido que reducir gastos en diferentes rubros, desde luego empezando con los “no escrnciales” y absteniéndonos de salidas o vacaciones",4
2021/06/01 4:45:56 p. m. GMT-5,Tlaquepaque,Mujer,10/07/1986,No,Seguro de gastos médicos mayores,Cuento con seguro de gastos médicos mayores,Sí,"El negocio sigue abierto, pero hemos tenido baja de ingresos",Perdí mi trabajo a causa de la pandemia,Mis ingresos bajaron,"Perdí mi trabajo, sin embargo la industria de mi esposo creció y yo emprendí y conseguí un trabajo de jornada parcial. ",8
2021/06/01 4:47:10 p. m. GMT-5,Zapopan,Hombre,23/07/1999,Sí,IMSS,No he hecho el esfuerzo por tenerlo,No,No me ha afectado,No me afectó ni a mis familiares,Mis ingresos aumentaron,"Al ser parte del sector salud, la pandemia no trajo consecuencias laborales o económicas",8
2021/06/01 4:49:15 p. m. GMT-5,Zapopan,Mujer,30/10/1987,No,No tiene acceso a servicios públicos,No he hecho el esfuerzo por tenerlo,No,"El negocio sigue abierto, pero hemos tenido baja de ingresos",No me afectó ni a mis familiares,Mis ingresos  quedaron igual,,1
2021/06/01 4:49:32 p. m. GMT-5,Tlajomulco,Mujer,25/08/1998,Sí,Seguro de gastos médicos mayores,Cuento con seguro de gastos médicos mayores,No,"El negocio sigue abierto, pero hemos tenido baja de ingresos",Otro,Mis ingresos aumentaron,"La pandemia ha tenido mucha incertidumbre al igual que el trabajo, puede haber meses mejores que otros, pero no sabes si el que sigue es un bloqueo nuevamente a la economía y sea negativo. ",4
2021/06/01 4:49:51 p. m. GMT-5,Zapopan,Mujer,29/05/1998,Sí,Seguro de gastos médicos mayores,Cuento con seguro de gastos médicos mayores,No,"El negocio sigue abierto, pero hemos tenido baja de ingresos",No me afectó ni a mis familiares,Mis ingresos  quedaron igual,,5
2021/06/01 4:51:07 p. m. GMT-5,Tlaquepaque,Hombre,26/05/1996,No,Seguro de gastos médicos mayores,Cuento con seguro de gastos médicos mayores,Sí,El negocio cerró. No teníamos como sostener los gastos,No me afectó ni a mis familiares,Mis ingresos aumentaron,,5
2021/06/01 4:51:23 p. m. GMT-5,Guadalajara,Hombre,,No,No tiene acceso a servicios públicos,No he hecho el esfuerzo por tenerlo,No,No me ha afectado,Otro,Mis ingresos  quedaron igual,,2
2021/06/01 4:51:47 p. m. GMT-5,Zapopan,Mujer,03/12/1997,No,Seguro de gastos médicos mayores,Cuento con seguro de gastos médicos mayores,No,"El negocio sigue abierto, pero hemos tenido baja de ingresos",No me afectó ni a mis familiares,Mis ingresos aumentaron,"La pandemia no afectó directamente a nuestro negocio, pero si afectó a proveedores y terceros que hizo que de alguna forma nos afectara ",6
2021/06/01 4:52:00 p. m. GMT-5,Zapopan,Hombre,12/09/1997,No,Seguro de gastos médicos mayores,Cuento con seguro de gastos médicos mayores,No,El negocio cerró. No teníamos como sostener los gastos,Otro,Mis ingresos aumentaron,Disminuyeron un poco los ingresos,7
2021/06/01 4:52:20 p. m. GMT-5,Tlajomulco,Mujer,07/08/1987,Sí,No tiene acceso a servicios públicos,,Sí,,,Mis ingresos bajaron,Económicamente muchísimo ,
2021/06/01 4:53:18 p. m. GMT-5,Zapopan,Hombre,08/03/1996,No,Seguro de gastos médicos mayores,Cuento con seguro de gastos médicos mayores,,"No me ha afectado. Al contrario, ha mejorado",,Mis ingresos aumentaron,,8
2021/06/01 4:54:26 p. m. GMT-5,Tlajomulco,Hombre,04/07/2000,No,IMSS,Otro,No,"El negocio sigue abierto, pero hemos tenido baja de ingresos",No me afectó ni a mis familiares,Mis ingresos bajaron,Los ingresos bajaron ,
2021/06/01 4:54:48 p. m. GMT-5,Guadalajara,Hombre,22/12/1992,Sí,Seguro de gastos médicos mayores,Cuento con seguro de gastos médicos mayores,No,Otro,Hubo recorte de personal pero yo seguí con mi trabajo,Mis ingresos aumentaron,,9
2021/06/01 4:55:45 p. m. GMT-5,Guadalajara,Hombre,,No,Seguro de gastos médicos mayores,Cuento con seguro de gastos médicos mayores,Sí,"El negocio sigue abierto, pero hemos tenido baja de ingresos",Hubo reducción en mis prestaciones para poder continuar con el trabajo,Mis ingresos aumentaron,Enormemente,0
2021/06/01 4:56:19 p. m. GMT-5,Zapopan,Hombre,14/08/1991,Sí,Seguro de gastos médicos mayores,Cuento con seguro de gastos médicos mayores,No,"El negocio sigue abierto, pero hemos tenido baja de ingresos",,Mis ingresos aumentaron,"La parte económica y material claro que se vió afectada, pero para nada me importa esa cuestión, en lo personal. Eso se recupera y el dinero viene y va. Sin duda en lo que más  afecto fue el fallecimiento de mi madre.",1
2021/06/01 4:57:13 p. m. GMT-5,Puerto Vallarta,Mujer,13/10/1996,Sí,Seguro de gastos médicos mayores,Cuento con seguro de gastos médicos mayores,Sí,"El negocio sigue abierto, pero hemos tenido baja de ingresos",,Mis ingresos bajaron,,9
2021/06/01 4:57:34 p. m. GMT-5,Zapopan,Hombre,27/02/1990,No,IMSS,Cuento con seguro de gastos médicos mayores,No,"El negocio sigue abierto, pero hemos tenido baja de ingresos",Hubo recorte de personal pero yo seguí con mi trabajo,Mis ingresos  quedaron igual,,6
2021/06/01 4:58:33 p. m. GMT-5,Zapopan,Hombre,16/06/2021,Sí,Seguro de gastos médicos mayores,Cuento con seguro de gastos médicos mayores,No,"El negocio sigue abierto, pero hemos tenido baja de ingresos",,Mis ingresos bajaron,Que casi no hay exportación,0
2021/06/01 5:03:38 p. m. GMT-5,Tlajomulco,Mujer,03/04/1998,Sí,IMSS,Cuento con seguro de gastos médicos mayores,No,No me ha afectado,No me afectó ni a mis familiares,Mis ingresos aumentaron,"Quizás en un principio por los gastos en la enfermedad, pero después todo mejoró. ",2
2021/06/01 5:03:58 p. m. GMT-5,Zapopan,Hombre,10/03/1992,Sí,Seguro de gastos médicos mayores,Cuento con seguro de gastos médicos mayores,No,"El negocio sigue abierto, pero hemos tenido baja de ingresos",Hubo recorte de personal pero yo seguí con mi trabajo,Mis ingresos bajaron,,1
2021/06/01 5:08:15 p. m. GMT-5,Guadalajara,Hombre,26/12/1990,Sí,Seguro de gastos médicos mayores,Cuento con seguro de gastos médicos mayores,No,"El negocio sigue abierto, pero hemos tenido baja de ingresos",Otro,Mis ingresos bajaron,Falta de flujo de dinero,2
2021/06/01 5:09:38 p. m. GMT-5,Zapopan,Hombre,20/06/1998,No,Seguro de gastos médicos mayores,Cuento con seguro de gastos médicos mayores,Sí,Otro,Hubo recorte de personal pero yo seguí con mi trabajo,Mis ingresos  quedaron igual,,7
2021/06/01 5:10:59 p. m. GMT-5,Guadalajara,Hombre,20/08/1996,No,No tiene acceso a servicios públicos,No he hecho el esfuerzo por tenerlo,No,"El negocio sigue abierto, pero hemos tenido baja de ingresos",Perdí mi trabajo a causa de la pandemia,Mis ingresos aumentaron,"El negocio de mi familia estuvo parado por aproximadamente 3 meses y yo fui recortado de mi trabajo anterior en agosto del año pasado, estuve un mes sin trabajo.",9
2021/06/01 5:11:00 p. m. GMT-5,Zapopan,Hombre,29/03/1994,No,Seguro Popular,Cuento con seguro de gastos médicos mayores,No,"El negocio sigue abierto, pero hemos tenido baja de ingresos",No me afectó ni a mis familiares,Mis ingresos aumentaron,Hemos tenido más ingresos ya que buscamos maneras de mover la situación ,3
2021/06/01 5:18:48 p. m. GMT-5,Guadalajara,Hombre,20/02/1985,No,IMSS,No cuento con él porque no me alcanza el dinero,No,Otro,Otro,Mis ingresos  quedaron igual,,3
2021/06/01 5:21:58 p. m. GMT-5,Tlaquepaque,Hombre,19/09/1984,No,Seguro de gastos médicos mayores,Cuento con seguro de gastos médicos mayores,No,"El negocio sigue abierto, pero hemos tenido baja de ingresos",Hubo reducción en mis prestaciones para poder continuar con el trabajo,Mis ingresos aumentaron,Tranquilo,4
2021/06/01 5:23:26 p. m. GMT-5,Zapopan,Hombre,16/05/2001,Sí,Seguro de gastos médicos mayores,Cuento con seguro de gastos médicos mayores,No,"El negocio sigue abierto, pero hemos tenido baja de ingresos",,Mis ingresos aumentaron,,5
2021/06/01 5:24:51 p. m. GMT-5,Zapopan,Hombre,16/09/1997,Sí,Seguro de gastos médicos mayores,Cuento con seguro de gastos médicos mayores,No,"No me ha afectado. Al contrario, ha mejorado",Hubo reducción en mis prestaciones para poder continuar con el trabajo,Mis ingresos aumentaron,,6
2021/06/01 5:30:31 p. m. GMT-5,Zapopan,Hombre,07/09/2002,Sí,Seguro de gastos médicos mayores,Cuento con seguro de gastos médicos mayores,No,No me ha afectado,No me afectó ni a mis familiares,Mis ingresos aumentaron,,7
2021/06/01 5:33:28 p. m. GMT-5,Zapopan,Mujer,15/08/1987,No,Seguro de gastos médicos mayores,Cuento con seguro de gastos médicos mayores,Sí,Otro,Hubo reducción en mis prestaciones para poder continuar con el trabajo,Mis ingresos bajaron,Negativamente,3
2021/06/01 5:33:51 p. m. GMT-5,Zapopan,Hombre,26/10/1996,No,Seguro de gastos médicos mayores,Cuento con seguro de gastos médicos mayores,No,"No me ha afectado. Al contrario, ha mejorado",No me afectó ni a mis familiares,Mis ingresos aumentaron,De forma positiva ,8
2021/06/01 5:34:58 p. m. GMT-5,Guadalajara,Hombre,19/11/1996,Sí,Seguro de gastos médicos mayores,Cuento con seguro de gastos médicos mayores,No,"El negocio sigue abierto, pero hemos tenido baja de ingresos",No me afectó ni a mis familiares,Mis ingresos  quedaron igual,Los ingresos bajaron,8
2021/06/01 5:37:44 p. m. GMT-5,Otro,Hombre,25/10/1999,Sí,IMSS,Cuento con seguro de gastos médicos mayores,No,"El negocio sigue abierto, pero hemos tenido baja de ingresos",Hubo reducción en mis prestaciones para poder continuar con el trabajo,Mis ingresos  quedaron igual,"Severamente, ya que, no sé tienen los mismos ingresos que se tenían antes de la pandemia.",9
2021/06/01 5:40:37 p. m. GMT-5,Zapopan,Hombre,17/07/1997,Sí,Seguro de gastos médicos mayores,Cuento con seguro de gastos médicos mayores,No,"El negocio sigue abierto, pero hemos tenido baja de ingresos",Hubo recorte de personal pero yo seguí con mi trabajo,Mis ingresos aumentaron,Los trabajos de mi familia directa no fueron afectados,9
2021/06/01 5:48:25 p. m. GMT-5,Zapopan,Hombre,28/08/1997,Sí,No tiene acceso a servicios públicos,Cuento con seguro de gastos médicos mayores,No,"El negocio sigue abierto, pero hemos tenido baja de ingresos",Hubo recorte de personal pero yo seguí con mi trabajo,Mis ingresos bajaron,,4
2021/06/01 5:51:31 p. m. GMT-5,Zapopan,Mujer,27/07/1998,,Seguro de gastos médicos mayores,Otro,Sí,Otro,Otro,Mis ingresos bajaron,"Tenemos menores ingresos, no podemos invertir en negocios locales como antes, debemos ahorrar a toda costa para prepararnos por si llega una emergencia de salud o de cualquier tipo. ",
2021/06/01 5:51:55 p. m. GMT-5,Zapopan,Hombre,03/09/1998,Sí,IMSS,Cuento con seguro de gastos médicos mayores,No,"El negocio sigue abierto, pero hemos tenido baja de ingresos",No me afectó ni a mis familiares,Mis ingresos  quedaron igual,Ha hecho que mucha gente se vaya al vandalismo ,0
2021/06/01 5:52:56 p. m. GMT-5,Zapopan,Hombre,17/06/1992,Sí,Seguro de gastos médicos mayores,Cuento con seguro de gastos médicos mayores,No,"El negocio sigue abierto, pero hemos tenido baja de ingresos",Hubo reducción en mis prestaciones para poder continuar con el trabajo,Mis ingresos bajaron,,5
2021/06/01 5:55:28 p. m. GMT-5,Región Chapala,Hombre,05/06/2021,Sí,IMSS,Cuento con seguro de gastos médicos mayores,No,"No me ha afectado. Al contrario, ha mejorado",No me afectó ni a mis familiares,Mis ingresos aumentaron,No me.afecto trabajando se sale adelante,0
2021/06/01 5:59:34 p. m. GMT-5,Tlaquepaque,Hombre,12/03/1999,Sí,Otro,No he hecho el esfuerzo por tenerlo,No,Otro,Hubo reducción en mis prestaciones para poder continuar con el trabajo,Mis ingresos  quedaron igual,"Afectó porque bajaron las ganancias, pero no vivimos mal todavía estamos bien pero sin ciertos lujos ",4
2021/06/01 6:00:15 p. m. GMT-5,Tlajomulco,Mujer,04/07/1998,Sí,IMSS,No cuento con él porque no me alcanza el dinero,No,No me ha afectado,No me afectó ni a mis familiares,Mis ingresos aumentaron,,0
2021/06/01 6:09:22 p. m. GMT-5,Guadalajara,Hombre,18/11/1993,No,Seguro de gastos médicos mayores,Cuento con seguro de gastos médicos mayores,No,"El negocio sigue abierto, pero hemos tenido baja de ingresos",Otro,Mis ingresos  quedaron igual,Desde el echo de tener que comprar productos antibacteriales y cubrebocas economicamente se han agregado gastos que no estaban. Contemplados,1
2021/06/01 6:09:45 p. m. GMT-5,Zapopan,Hombre,20/03/1998,Sí,Seguro de gastos médicos mayores,Tenía pero por la pandemia tuve que dejar de pagarlo,Sí,Otro,Perdí mi trabajo a causa de la pandemia,Mis ingresos bajaron,Demsiado esta bien qlero este pedo xdd animo chivirika,8
2021/06/01 6:11:31 p. m. GMT-5,Zapopan,Hombre,06/02/1997,Sí,Seguro de gastos médicos mayores,Cuento con seguro de gastos médicos mayores,No,"El negocio sigue abierto, pero hemos tenido baja de ingresos",Otro,Mis ingresos  quedaron igual,Para nada ha afectado ,2
2021/06/01 6:11:33 p. m. GMT-5,Zapopan,Hombre,03/03/2000,Sí,Seguro de gastos médicos mayores,Cuento con seguro de gastos médicos mayores,No,"El negocio sigue abierto, pero hemos tenido baja de ingresos",Hubo recorte de personal pero yo seguí con mi trabajo,Mis ingresos  quedaron igual,,3
2021/06/01 6:13:21 p. m. GMT-5,Guadalajara,Mujer,,Sí,IMSS,Otro,No,"El negocio sigue abierto, pero hemos tenido baja de ingresos",No me afectó ni a mis familiares,Mis ingresos bajaron,,
2021/06/01 6:13:29 p. m. GMT-5,Zapopan,Hombre,19/05/1979,No,No tiene acceso a servicios públicos,Otro,No,"No me ha afectado. Al contrario, ha mejorado",Otro,Mis ingresos aumentaron,No tuve afectacion. ,
2021/06/01 6:16:05 p. m. GMT-5,Otro,Mujer,03/02/1998,No,IMSS,No he hecho el esfuerzo por tenerlo,No,"El negocio sigue abierto, pero hemos tenido baja de ingresos",No me afectó ni a mis familiares,Mis ingresos  quedaron igual,Reduciendo ingresos ,5
2021/06/01 6:20:50 p. m. GMT-5,Guadalajara,Hombre,18/12/1996,No,Seguro de gastos médicos mayores,Cuento con seguro de gastos médicos mayores,Sí,El negocio cerró. No teníamos como sostener los gastos,"Me descansaron, dejé de trabajar temporalmente y dejaron de pagarme",Mis ingresos bajaron,,6
2021/06/01 6:21:40 p. m. GMT-5,Zapopan,Mujer,12/09/1983,No,Seguro de gastos médicos mayores,Cuento con seguro de gastos médicos mayores,No,"El negocio sigue abierto, pero hemos tenido baja de ingresos",No me afectó ni a mis familiares,Mis ingresos  quedaron igual,Alta de precios y baja de ingresos,4
2021/06/01 6:29:58 p. m. GMT-5,Otro,Hombre,21/08/1999,Sí,IMSS,Cuento con seguro de gastos médicos mayores,Sí,El negocio cerró. No teníamos como sostener los gastos,Perdí mi trabajo a causa de la pandemia,Mis ingresos bajaron,,7
2021/06/01 6:33:09 p. m. GMT-5,Guadalajara,Mujer,13/08/1998,Sí,Seguro de gastos médicos mayores,Cuento con seguro de gastos médicos mayores,Sí,El negocio cerró. No teníamos como sostener los gastos,Otro,Mis ingresos aumentaron,Mi mamá cerró su negocio y tuvo que empezar otro y apenas va generando utilidad,1
2021/06/01 6:33:40 p. m. GMT-5,Guadalajara,Hombre,15/04/1999,Sí,IMSS,No he hecho el esfuerzo por tenerlo,Sí,Otro,Hubo recorte de personal pero yo seguí con mi trabajo,Mis ingresos bajaron,Menos trabajos y peor pagados,9
2021/06/01 6:38:10 p. m. GMT-5,Tlaquepaque,Mujer,09/08/1984,No,IMSS,,No,Otro,No me afectó ni a mis familiares,Mis ingresos aumentaron,"Hemos sido afortunados, al trabajar en el área de tecnología no afectó nuestro empleo ni ingresos",
2021/06/01 6:40:30 p. m. GMT-5,Zapopan,Mujer,,No,Seguro de gastos médicos mayores,Cuento con seguro de gastos médicos mayores,Sí,Otro,Hubo recorte de personal pero yo seguí con mi trabajo,Mis ingresos bajaron,"Muchísimo , mi pareja tenía un buen trabajo con un sueldo muy bueno, lo despidieron sin finiquito , solo yo soy la que mantengo mi familia y ya llevamos 1 año 6 meses así , es desgastante ",8
2021/06/01 6:41:50 p. m. GMT-5,Otro,Hombre,24/09/1995,No,Otro,Cuento con seguro de gastos médicos mayores,No,"No me ha afectado. Al contrario, ha mejorado",Otro,Mis ingresos aumentaron,De ninguna manera me afecto económicamente ,2
2021/06/01 6:44:19 p. m. GMT-5,Zapopan,Hombre,19/11/2018,Sí,No tiene acceso a servicios públicos,No he hecho el esfuerzo por tenerlo,Sí,"El negocio sigue abierto, pero hemos tenido baja de ingresos",Hubo recorte de personal pero yo seguí con mi trabajo,Mis ingresos bajaron,Afecto por la falta de dinero y la falta de apoyo por parte del gobierno ,0
2021/06/01 6:47:14 p. m. GMT-5,Zapopan,Mujer,29/05/1998,Sí,Seguro de gastos médicos mayores,Cuento con seguro de gastos médicos mayores,No,"El negocio sigue abierto, pero hemos tenido baja de ingresos",No me afectó ni a mis familiares,Mis ingresos  quedaron igual,,5
2021/06/01 6:48:02 p. m. GMT-5,Otro,Hombre,16/10/1997,No,Otro,Otro,Sí,"El negocio sigue abierto, pero hemos tenido baja de ingresos",No me afectó ni a mis familiares,Mis ingresos aumentaron,Ha mejorado ,
2021/06/01 6:49:05 p. m. GMT-5,Guadalajara,Mujer,,Sí,IMSS,No cuento con él porque no me alcanza el dinero,No,"El negocio sigue abierto, pero hemos tenido baja de ingresos",Hubo reducción en mis prestaciones para poder continuar con el trabajo,Mis ingresos bajaron,Hubo baja de ingresos y por ende restricciones de gastos,1
2021/06/01 6:49:20 p. m. GMT-5,Tlaquepaque,Hombre,20/12/1975,Sí,IMSS,Cuento con seguro de gastos médicos mayores,No,"No me ha afectado. Al contrario, ha mejorado",No me afectó ni a mis familiares,Mis ingresos aumentaron,,3
2021/06/01 6:56:43 p. m. GMT-5,Zapopan,Hombre,16/03/1987,Sí,IMSS,No he hecho el esfuerzo por tenerlo,No,,No me afectó ni a mis familiares,Mis ingresos aumentaron,Han aumentado los precios de gran cantidad de productos y servicios. ,1
2021/06/01 6:58:55 p. m. GMT-5,Zapopan,Hombre,14/06/1989,Sí,No tiene acceso a servicios públicos,Tenía pero por la pandemia tuve que dejar de pagarlo,Sí,El negocio cerró. No teníamos como sostener los gastos,Perdí mi trabajo a causa de la pandemia,Mis ingresos bajaron,En todos los sentidos lo económico y lo emocional ,2
2021/06/01 7:14:43 p. m. GMT-5,Zapopan,Mujer,17/03/1963,Sí,No tiene acceso a servicios públicos,No cuento con él porque no me alcanza el dinero,Sí,"El negocio sigue abierto, pero hemos tenido baja de ingresos",Otro,Mis ingresos bajaron,"Hay miembros de la familia que perdieron su trabajo y no se han podido acomodar, hay familiares que  bajo mucho su ingreso mensual",3
2021/06/01 7:16:14 p. m. GMT-5,Guadalajara,Hombre,04/02/1985,No,Seguro de gastos médicos mayores,Cuento con seguro de gastos médicos mayores,No,"El negocio sigue abierto, pero hemos tenido baja de ingresos",Hubo recorte de personal pero yo seguí con mi trabajo,Mis ingresos  quedaron igual,,6
2021/06/01 7:34:19 p. m. GMT-5,Altos de Jalisco,Hombre,31/05/2021,No,IMSS,No he hecho el esfuerzo por tenerlo,No,El negocio cerró. No teníamos como sostener los gastos,Hubo reducción en mis prestaciones para poder continuar con el trabajo,Mis ingresos aumentaron,No existe,2
2021/06/01 7:34:47 p. m. GMT-5,Altos de Jalisco,Hombre,14/06/1997,Sí,ISSTE,Cuento con seguro de gastos médicos mayores,No,No me ha afectado,No me afectó ni a mis familiares,Mis ingresos aumentaron,No nos afectó gracias a que todos trabajamos en la sep pero si modificó nuestra forma de trabajar ,4
2021/06/01 7:46:09 p. m. GMT-5,Zapopan,Mujer,16/11/1982,No,Seguro de gastos médicos mayores,Cuento con seguro de gastos médicos mayores,Sí,"El negocio sigue abierto, pero hemos tenido baja de ingresos",Perdí mi trabajo a causa de la pandemia,Mis ingresos bajaron,"No tengo certeza de un ingreso, tengo que hacer ahorros sobre conceptos que antes podía disponer de manera más cómoda como la salud (consultas médicas, salud mental, ejercicio o consulta nutricional). ",9
2021/06/01 7:53:23 p. m. GMT-5,Tlajomulco,Hombre,02/03/1964,No,ISSTE,Cuento con seguro de gastos médicos mayores,No,,,Mis ingresos aumentaron,Afectación a la salud emocional ,5
2021/06/01 7:54:05 p. m. GMT-5,Zapopan,Mujer,21/07/1997,No,IMSS,No he hecho el esfuerzo por tenerlo,No,"El negocio sigue abierto, pero hemos tenido baja de ingresos",Hubo recorte de personal pero yo seguí con mi trabajo,Mis ingresos bajaron,Bajo la demanda de productos y servicios en los que colaboramos y por ende los ingresos bajaron ya sea de firma directa en ventas o comisiones ,4
2021/06/01 7:59:24 p. m. GMT-5,Zapopan,Mujer,0068-11-21,No,No tiene acceso a servicios públicos,No cuento con él porque no me alcanza el dinero,No,,Otro,Mis ingresos  quedaron igual,Los precios de la canasta básica y servicios ha aumentado como un 40% lo que hace que mi poder adquisitivo bajara.,6
2021/06/01 8:02:27 p. m. GMT-5,Zapopan,Hombre,13/08/1995,Sí,IMSS,No he hecho el esfuerzo por tenerlo,No,Otro,No me afectó ni a mis familiares,Mis ingresos aumentaron,Ha habido meses donde bajaron mucho los ingresos y otros donde han sido muy buenos.,3
2021/06/01 8:06:15 p. m. GMT-5,Zapopan,Mujer,01/06/2021,No,Seguro de gastos médicos mayores,Cuento con seguro de gastos médicos mayores,No,"El negocio sigue abierto, pero hemos tenido baja de ingresos",Hubo recorte de personal pero yo seguí con mi trabajo,Mis ingresos  quedaron igual,El poder adquisitivo fue afectado y los gastos incrementaron ,7
2021/06/01 8:10:56 p. m. GMT-5,Zapopan,Mujer,26/11/1990,No,Seguro de gastos médicos mayores,Cuento con seguro de gastos médicos mayores,No,No me ha afectado,No me afectó ni a mis familiares,Mis ingresos  quedaron igual,Afortunadamente todos hemos mantenido los ingresos y hemos tratado de apoyar a familiares o amigos en necesidad,8
2021/06/01 8:15:50 p. m. GMT-5,Tlaquepaque,Hombre,20/06/1972,No,Seguro de gastos médicos mayores,Cuento con seguro de gastos médicos mayores,No,No me ha afectado,,Mis ingresos aumentaron,"Afortunadamente no nos hemos visto afectados, pues nadie se contagió y los ingresos se mantuvieron.",6
2021/06/01 8:18:48 p. m. GMT-5,Zapopan,Hombre,20/02/1995,Sí,Seguro de gastos médicos mayores,Cuento con seguro de gastos médicos mayores,No,Otro,No me afectó ni a mis familiares,Mis ingresos  quedaron igual,,9
2021/06/01 8:27:15 p. m. GMT-5,Tlajomulco,Mujer,04/07/1998,Sí,IMSS,No cuento con él porque no me alcanza el dinero,No,No me ha afectado,No me afectó ni a mis familiares,Mis ingresos aumentaron,,4
2021/06/01 8:27:26 p. m. GMT-5,Zapopan,Mujer,08/09/1966,No,IMSS,No cuento con él porque no me alcanza el dinero,Sí,"El negocio sigue abierto, pero hemos tenido baja de ingresos",Otro,Mis ingresos bajaron,No poder salir a buscar trabajo,5
2021/06/01 8:28:40 p. m. GMT-5,Tlaquepaque,Hombre,26/09/1991,Sí,IMSS,No he hecho el esfuerzo por tenerlo,Sí,Otro,No me afectó ni a mis familiares,Mis ingresos aumentaron,Los servicios ofrecidos por las profesiones cuyos trabajos se realizan bajo demanda disminuyeron por la cadena económica que se genera entre clientes y prestadores de servicios ,5
2021/06/01 8:56:31 p. m. GMT-5,Tonalá,Mujer,09/01/1968,No,No tiene acceso a servicios públicos,No cuento con él porque no me alcanza el dinero,No,"El negocio sigue abierto, pero hemos tenido baja de ingresos","Me descansaron, dejé de trabajar temporalmente y dejaron de pagarme",Mis ingresos aumentaron,De manera significativa a los que tienen micro negocio. ,6
2021/06/01 9:00:02 p. m. GMT-5,Otro,Hombre,02/03/1982,No,IMSS,Cuento con seguro de gastos médicos mayores,Sí,"El negocio sigue abierto, pero hemos tenido baja de ingresos",Otro,Mis ingresos bajaron,,0
2021/06/01 9:08:22 p. m. GMT-5,Zapopan,Mujer,08/09/1964,No,IMSS,Otro,Sí,"El negocio sigue abierto, pero hemos tenido baja de ingresos",Perdí mi trabajo a causa de la pandemia,Mis ingresos aumentaron,Al principio bajo ingresos ahora ya cambio,
2021/06/01 9:09:49 p. m. GMT-5,Tlaquepaque,Hombre,16/03/1996,Sí,Seguro de gastos médicos mayores,Cuento con seguro de gastos médicos mayores,No,"El negocio sigue abierto, pero hemos tenido baja de ingresos",Otro,Mis ingresos aumentaron,"Afecto al negocio familiar, definitivamente es notorio sobre todo por el tipo de negocio que es.
Al verse reducido el servicio que se pued proporcionar, nos vimos en la necesidad de bajar el precio del producto. Por lo que los más afectados fuimos los dueños y no tanto los empleados que casi en su mayoría no se les recorto el sueldo.",7
2021/06/01 9:10:23 p. m. GMT-5,Zapopan,Mujer,01/06/2021,No,Seguro de gastos médicos mayores,Cuento con seguro de gastos médicos mayores,No,"El negocio sigue abierto, pero hemos tenido baja de ingresos",No me afectó ni a mis familiares,Mis ingresos bajaron,No hay tanto trabajo como antes y todo se ha encarecido de manera exponencial,1
2021/06/01 9:11:53 p. m. GMT-5,Región Chapala,Hombre,14/09/1988,No,IMSS,No cuento con él porque no me alcanza el dinero,Sí,Otro,Otro,Mis ingresos bajaron,,9
2021/06/01 9:17:44 p. m. GMT-5,Zapopan,Hombre,23/10/1985,Sí,Seguro Popular,No he hecho el esfuerzo por tenerlo,No,No me ha afectado,Hubo recorte de personal pero yo seguí con mi trabajo,Mis ingresos aumentaron,,7
2021/06/01 9:41:54 p. m. GMT-5,Guadalajara,Mujer,18/11/2003,Sí,Otro,No he hecho el esfuerzo por tenerlo,No,"El negocio sigue abierto, pero hemos tenido baja de ingresos",No me afectó ni a mis familiares,Mis ingresos aumentaron,,8
2021/06/01 9:45:23 p. m. GMT-5,Zapopan,Mujer,01/05/2001,No,Seguro de gastos médicos mayores,Cuento con seguro de gastos médicos mayores,No,"No me ha afectado. Al contrario, ha mejorado",Otro,Mis ingresos  quedaron igual,"Se redujo el salario por un momento para evitar que se corrieran a las personas. Afortunadamente, no nos vimos gravemente afectados y pudimos seguir con el estilo de vida que teníamos antes de la pandemia. ",0
2021/06/01 9:45:23 p. m. GMT-5,Guadalajara,Mujer,01/06/2021,No,Seguro Popular,Cuento con seguro de gastos médicos mayores,No,Otro,Otro,Mis ingresos  quedaron igual,A mí familia no nos afectó,1
2021/06/01 9:50:28 p. m. GMT-5,Zapopan,Hombre,25/05/1985,No,Seguro de gastos médicos mayores,Cuento con seguro de gastos médicos mayores,No,"El negocio sigue abierto, pero hemos tenido baja de ingresos",No me afectó ni a mis familiares,Mis ingresos  quedaron igual,Reducción de algunos ingresos a mis hermanos ,2
2021/06/01 10:05:18 p. m. GMT-5,Zapopan,Mujer,19/10/1989,No,IMSS,Cuento con seguro de gastos médicos mayores,No,"El negocio sigue abierto, pero hemos tenido baja de ingresos",Hubo recorte de personal pero yo seguí con mi trabajo,Mis ingresos  quedaron igual,,3
2021/06/01 10:07:53 p. m. GMT-5,Tlaquepaque,Mujer,16/05/1984,No,IMSS,No he hecho el esfuerzo por tenerlo,No,"El negocio sigue abierto, pero hemos tenido baja de ingresos",Hubo reducción en mis prestaciones para poder continuar con el trabajo,Mis ingresos aumentaron,Disminuyeron los ingresos de mis familiares y sus prestaciones ,9
2021/06/01 10:08:56 p. m. GMT-5,Puerto Vallarta,Hombre,10/09/1990,Sí,IMSS,Cuento con seguro de gastos médicos mayores,No,"El negocio sigue abierto, pero hemos tenido baja de ingresos",Hubo recorte de personal pero yo seguí con mi trabajo,Mis ingresos aumentaron,"Economicamente bastante no hay los mismos ingresos en el negocio familiar, como en tiempos anteriores... Al igual a habido paros en la empresa donde laboro y nos a afectado aún mas...  saludos!",8
2021/06/01 10:29:57 p. m. GMT-5,Zapopan,Hombre,03/04/1990,No,Seguro de gastos médicos mayores,Cuento con seguro de gastos médicos mayores,No,"El negocio sigue abierto, pero hemos tenido baja de ingresos",Hubo recorte de personal pero yo seguí con mi trabajo,Mis ingresos aumentaron,Las ventas del negocio y los ingresos han disminuido por falta de gente que pudiera consumir ,9
2021/06/01 10:47:45 p. m. GMT-5,Tlajomulco,Mujer,18/03/1993,No,Seguro de gastos médicos mayores,Cuento con seguro de gastos médicos mayores,No,"No me ha afectado. Al contrario, ha mejorado",Hubo recorte de personal pero yo seguí con mi trabajo,Mis ingresos aumentaron,,0
2021/06/01 10:52:00 p. m. GMT-5,Zapopan,Hombre,15/02/2002,No,Seguro de gastos médicos mayores,Cuento con seguro de gastos médicos mayores,No,Otro,No me afectó ni a mis familiares,Mis ingresos  quedaron igual,,4
2021/06/01 10:58:37 p. m. GMT-5,Zapopan,Hombre,05/09/1997,No,Seguro de gastos médicos mayores,Cuento con seguro de gastos médicos mayores,No,"El negocio sigue abierto, pero hemos tenido baja de ingresos",Hubo recorte de personal pero yo seguí con mi trabajo,Mis ingresos bajaron,,2
2021/06/01 11:01:18 p. m. GMT-5,Otro,Hombre,14/02/1998,No,IMSS,No cuento con él porque no me alcanza el dinero,No,"El negocio sigue abierto, pero hemos tenido baja de ingresos","Me descansaron, dejé de trabajar temporalmente y dejaron de pagarme",Mis ingresos aumentaron,"Fue un golpe duro, los ingresos bajaron",0
2021/06/01 11:07:04 p. m. GMT-5,Tlajomulco,Hombre,06/08/1995,No,Seguro de gastos médicos mayores,Cuento con seguro de gastos médicos mayores,No,"No me ha afectado. Al contrario, ha mejorado",No me afectó ni a mis familiares,Mis ingresos aumentaron,,1
2021/06/01 11:11:24 p. m. GMT-5,Otro,Hombre,,Sí,IMSS,No cuento con él porque no me alcanza el dinero,Sí,"El negocio sigue abierto, pero hemos tenido baja de ingresos",Perdí mi trabajo a causa de la pandemia,,,
2021/06/01 11:17:13 p. m. GMT-5,Tlaquepaque,Hombre,23/05/2021,No,IMSS,Cuento con seguro de gastos médicos mayores,No,Otro,No me afectó ni a mis familiares,Mis ingresos  quedaron igual,Se estanco la actividad economica a familiares y conocidos les redujeron el sueldo,5
2021/06/01 11:36:19 p. m. GMT-5,Guadalajara,Mujer,,No,ISSTE,Cuento con seguro de gastos médicos mayores,No,,Hubo reducción en mis prestaciones para poder continuar con el trabajo,Mis ingresos  quedaron igual,,6
2021/06/02 12:18:35 a. m. GMT-5,Zapopan,Hombre,22/05/1998,Sí,IMSS,Cuento con seguro de gastos médicos mayores,No,"El negocio sigue abierto, pero hemos tenido baja de ingresos",No me afectó ni a mis familiares,Mis ingresos  quedaron igual,De la chingada muchos muertos ,7
2021/06/02 12:29:29 a. m. GMT-5,Guadalajara,Mujer,0003-10-28,Sí,No tiene acceso a servicios públicos,Cuento con seguro de gastos médicos mayores,Sí,"El negocio sigue abierto, pero hemos tenido baja de ingresos","Me descansaron, dejé de trabajar temporalmente y dejaron de pagarme",Mis ingresos bajaron,,3
2021/06/02 4:48:16 a. m. GMT-5,Región Chapala,Hombre,28/07/1994,No,Seguro de gastos médicos mayores,Cuento con seguro de gastos médicos mayores,No,"No me ha afectado. Al contrario, ha mejorado",No me afectó ni a mis familiares,Mis ingresos aumentaron,Fuimos de los pocos afortunados que la pandemia nos benefició ,2
2021/06/02 6:49:57 a. m. GMT-5,Otro,Mujer,10/05/1987,No,IMSS,No he hecho el esfuerzo por tenerlo,No,"No me ha afectado. Al contrario, ha mejorado",Otro,Mis ingresos aumentaron,"La pandemia nos ha beneficiado económicamente, algunos familiares se han enfermado, pero por fortuna, ha sido leve la enfermedad ",1
2021/06/02 7:31:10 a. m. GMT-5,Zapopan,Hombre,13/05/2000,Sí,IMSS,No cuento con él porque no me parece importante,No,"El negocio sigue abierto, pero hemos tenido baja de ingresos",No me afectó ni a mis familiares,Mis ingresos  quedaron igual,,
2021/06/02 7:46:05 a. m. GMT-5,Guadalajara,Hombre,20/03/1988,No,ISSTE,Cuento con seguro de gastos médicos mayores,No,,,Mis ingresos  quedaron igual,En mayor carga de trabajo  administrativo ,8
2021/06/02 7:46:36 a. m. GMT-5,Tlaquepaque,Hombre,24/11/1965,No,No tiene acceso a servicios públicos,No he hecho el esfuerzo por tenerlo,No,El negocio cerró. No teníamos como sostener los gastos,Hubo recorte de personal pero yo seguí con mi trabajo,Mis ingresos bajaron,El volumen de trabajo bajo notablemente y por lo tanto el ingreso. ,0
2021/06/02 7:48:44 a. m. GMT-5,Guadalajara,Mujer,28/12/1998,Sí,No tiene acceso a servicios públicos,No cuento con él porque no me alcanza el dinero,No,"El negocio sigue abierto, pero hemos tenido baja de ingresos","Me descansaron, dejé de trabajar temporalmente y dejaron de pagarme",Mis ingresos bajaron,Los ingresos son menores por debajo del 50% de lo que recibíamos antes para subsistir,1
2021/06/02 7:51:30 a. m. GMT-5,Zapopan,Mujer,14/10/1974,No,IMSS,No he hecho el esfuerzo por tenerlo,No,No me ha afectado,No me afectó ni a mis familiares,Mis ingresos  quedaron igual,"Respecto a mi, creo que fui privilegiada porque en mi trabajo respetaron la cuestión laboral y nos mandaron a trabajar a casa por lo que la parte económica no me afectó",7
2021/06/02 8:32:14 a. m. GMT-5,Zapopan,,26/04/1996,No,Seguro de gastos médicos mayores,Cuento con seguro de gastos médicos mayores,No,"El negocio sigue abierto, pero hemos tenido baja de ingresos",Hubo recorte de personal pero yo seguí con mi trabajo,Mis ingresos  quedaron igual,Personalmente y por suerte yo no fui tan afectado por el hecho de que no perdí el trabajo. ,9
2021/06/02 8:38:15 a. m. GMT-5,Zapopan,Mujer,,Sí,IMSS,No he hecho el esfuerzo por tenerlo,No,"El negocio sigue abierto, pero hemos tenido baja de ingresos",Hubo reducción en mis prestaciones para poder continuar con el trabajo,Mis ingresos  quedaron igual,La reducción de sueldos afecto debido a que los gastos fijos nunca disminuyeron y los ingresos se recortaron un 45%,8
2021/06/02 8:45:35 a. m. GMT-5,Guadalajara,Hombre,17/05/1993,No,Seguro de gastos médicos mayores,Cuento con seguro de gastos médicos mayores,No,"El negocio sigue abierto, pero hemos tenido baja de ingresos",Hubo recorte de personal pero yo seguí con mi trabajo,Mis ingresos bajaron,"Muy notoriamente , ya no hay comida por las tardes ni salidas de vacaciones",4
2021/06/02 8:47:32 a. m. GMT-5,Guadalajara,Hombre,26/03/1987,No,Seguro Popular,Otro,No,"El negocio sigue abierto, pero hemos tenido baja de ingresos",Perdí mi trabajo a causa de la pandemia,Mis ingresos bajaron,,
2021/06/02 8:50:12 a. m. GMT-5,Tlaquepaque,Mujer,03/08/1953,No,IMSS,No cuento con él porque no me alcanza el dinero,Sí,Otro,,Mis ingresos  quedaron igual,Menos oportunidades ,9
2021/06/02 9:04:31 a. m. GMT-5,Zapopan,Hombre,0080-12-23,Sí,Seguro de gastos médicos mayores,Otro,No,"El negocio sigue abierto, pero hemos tenido baja de ingresos",Hubo reducción en mis prestaciones para poder continuar con el trabajo,Mis ingresos aumentaron,,
2021/06/02 9:11:11 a. m. GMT-5,Tlaquepaque,Mujer,12/03/2004,No,Seguro Popular,No cuento con él porque no me alcanza el dinero,Sí,Otro,"Me descansaron, dejé de trabajar temporalmente y dejaron de pagarme",Mis ingresos aumentaron,"Uno de los integrantes de mi familia fue despedido de su trabajo durante el inicio de la pandemia, lo cual llevó a una situación de estrés económico. Sin embargo meses después fue contratado en un lugar mejor, mejorando nuestra calidad de vida.",2
2021/06/02 9:22:51 a. m. GMT-5,Tlaquepaque,Hombre,11/02/1998,No,Seguro de gastos médicos mayores,Cuento con seguro de gastos médicos mayores,No,"El negocio sigue abierto, pero hemos tenido baja de ingresos",No me afectó ni a mis familiares,Mis ingresos aumentaron,,3
2021/06/02 9:26:50 a. m. GMT-5,Zapopan,Mujer,0085-11-13,No,Seguro de gastos médicos mayores,Cuento con seguro de gastos médicos mayores,No,"El negocio sigue abierto, pero hemos tenido baja de ingresos",Hubo recorte de personal pero yo seguí con mi trabajo,Mis ingresos bajaron,,5
2021/06/02 9:31:12 a. m. GMT-5,Zapopan,Mujer,16/06/1994,No,Seguro de gastos médicos mayores,Cuento con seguro de gastos médicos mayores,Sí,"El negocio sigue abierto, pero hemos tenido baja de ingresos",Otro,Mis ingresos bajaron,Pésimo ,6
2021/06/02 9:31:26 a. m. GMT-5,Tlajomulco,Mujer,26/08/1983,No,Seguro de gastos médicos mayores,Cuento con seguro de gastos médicos mayores,Sí,El negocio cerró. No teníamos como sostener los gastos,Otro,Mis ingresos bajaron,,7
2021/06/02 9:36:11 a. m. GMT-5,Tonalá,Mujer,04/04/1989,Sí,IMSS,No he hecho el esfuerzo por tenerlo,No,Otro,Otro,Mis ingresos  quedaron igual,"En lo particular no directamente, pero sí a familiares, ellos, tuvieron que hacer recorte de personal en su empresa, por falta de proyectos.",0
2021/06/02 9:37:25 a. m. GMT-5,Guadalajara,Mujer,20/05/1996,Sí,IMSS,No cuento con él porque no me alcanza el dinero,No,,No me afectó ni a mis familiares,Mis ingresos  quedaron igual,Hemos sido afortunados pues la pandemia no ha afectado a mi familia nuclear,1
2021/06/02 9:41:12 a. m. GMT-5,Tlaquepaque,Mujer,28/11/1970,No,IMSS,No cuento con él porque no me alcanza el dinero,Sí,,Perdí mi trabajo a causa de la pandemia,Mis ingresos aumentaron,,3
2021/06/02 9:42:06 a. m. GMT-5,Zapopan,Hombre,04/12/1989,No,Otro,Cuento con seguro de gastos médicos mayores,No,"El negocio sigue abierto, pero hemos tenido baja de ingresos",Hubo recorte de personal pero yo seguí con mi trabajo,Mis ingresos aumentaron,Bajo un 50 por ciento por ingresos ,4
2021/06/02 9:43:06 a. m. GMT-5,Zapopan,Mujer,05/01/1977,Sí,Seguro de gastos médicos mayores,Cuento con seguro de gastos médicos mayores,No,"El negocio sigue abierto, pero hemos tenido baja de ingresos",Hubo recorte de personal pero yo seguí con mi trabajo,Mis ingresos  quedaron igual,Afectó mentalmente con depresiones y miedos,0
2021/06/02 9:43:54 a. m. GMT-5,Tlaquepaque,Mujer,12/03/2004,No,Seguro Popular,No cuento con él porque no me alcanza el dinero,Sí,Otro,"Me descansaron, dejé de trabajar temporalmente y dejaron de pagarme",Mis ingresos aumentaron,"Uno de los integrantes de mi familia fue despedido de su trabajo durante el inicio de la pandemia, lo cual llevó a una situación de estrés económico. Sin embargo meses después fue contratado en un lugar mejor, mejorando nuestra calidad de vida.",4
2021/06/02 9:54:28 a. m. GMT-5,Zapopan,Mujer,09/01/1970,No,IMSS,Cuento con seguro de gastos médicos mayores,No,"El negocio sigue abierto, pero hemos tenido baja de ingresos",Otro,Mis ingresos  quedaron igual,"Disminución de poder adquisitivo familiar debido a los recortes de personal, ""descansos"" obligados, disminución de sueldos y prestaciones, etc. a varios miembros de la familia.",1
2021/06/02 10:02:29 a. m. GMT-5,Tlaquepaque,Mujer,27/05/2000,Sí,IMSS,Cuento con seguro de gastos médicos mayores,No,"El negocio sigue abierto, pero hemos tenido baja de ingresos",No me afectó ni a mis familiares,Mis ingresos  quedaron igual,"Bajaron las ventas en nuestros locales
Y bajo el trabajo en la empresa de evaluaciónes y consultorías ",2
2021/06/02 10:11:50 a. m. GMT-5,Zapopan,Mujer,23/08/2021,No,IMSS,No cuento con él porque no me alcanza el dinero,No,No me ha afectado,No me afectó ni a mis familiares,Mis ingresos bajaron,Pues un poco lo económico y otro familiar que dejamos de vernos un tiempo ,2
2021/06/02 10:14:09 a. m. GMT-5,Tlaquepaque,Mujer,01/01/1984,No,IMSS,No he hecho el esfuerzo por tenerlo,No,No me ha afectado,Hubo recorte de personal pero yo seguí con mi trabajo,Mis ingresos  quedaron igual,Los precios de todo ,2
2021/06/02 10:18:16 a. m. GMT-5,Zapopan,Mujer,,No,ISSTE,No he hecho el esfuerzo por tenerlo,No,"El negocio sigue abierto, pero hemos tenido baja de ingresos",Hubo reducción en mis prestaciones para poder continuar con el trabajo,Mis ingresos bajaron,,3
2021/06/02 10:20:00 a. m. GMT-5,Zapopan,Mujer,15/10/1981,Sí,Seguro de gastos médicos mayores,Cuento con seguro de gastos médicos mayores,No,"El negocio sigue abierto, pero hemos tenido baja de ingresos",Hubo recorte de personal pero yo seguí con mi trabajo,Mis ingresos aumentaron,Bajo nuestro poder adquisitivo ,5
2021/06/02 10:21:51 a. m. GMT-5,Zapopan,Mujer,27/05/1980,No,IMSS,No cuento con él porque no me alcanza el dinero,Sí,"El negocio sigue abierto, pero hemos tenido baja de ingresos",Hubo recorte de personal pero yo seguí con mi trabajo,Mis ingresos  quedaron igual,,3
2021/06/02 10:26:22 a. m. GMT-5,Zapopan,Hombre,23/03/1984,No,No tiene acceso a servicios públicos,No he hecho el esfuerzo por tenerlo,Sí,"El negocio sigue abierto, pero hemos tenido baja de ingresos",,Mis ingresos bajaron,,4
2021/06/02 10:39:39 a. m. GMT-5,Zapopan,Hombre,01/11/1984,Sí,ISSTE,No he hecho el esfuerzo por tenerlo,No,No me ha afectado,No me afectó ni a mis familiares,Mis ingresos  quedaron igual,Por suerte no nos hemos visto afectados económicamente.,4
2021/06/02 10:44:01 a. m. GMT-5,Tlaquepaque,Mujer,05/04/1988,Sí,IMSS,Tenía pero por la pandemia tuve que dejar de pagarlo,Sí,El negocio cerró. No teníamos como sostener los gastos,"Me descansaron, dejé de trabajar temporalmente y dejaron de pagarme",Mis ingresos bajaron,Considerablemente ,5
2021/06/02 10:46:54 a. m. GMT-5,Tlaquepaque,Mujer,11/06/1990,Sí,Seguro de gastos médicos mayores,Cuento con seguro de gastos médicos mayores,Sí,Otro,Perdí mi trabajo a causa de la pandemia,Mis ingresos  quedaron igual,"Por unos lados bien, por otros, no hubo incrementos, se llevaron la empresa a otro país.",3
2021/06/02 11:07:34 a. m. GMT-5,Tlaquepaque,Mujer,,No,No tiene acceso a servicios públicos,No cuento con él porque no me alcanza el dinero,No,Otro,Otro,Mis ingresos aumentaron,Todo a subido bastante ,5
2021/06/02 11:11:21 a. m. GMT-5,Tlajomulco,Hombre,03/07/1989,No,Seguro de gastos médicos mayores,Cuento con seguro de gastos médicos mayores,No,"No me ha afectado. Al contrario, ha mejorado",No me afectó ni a mis familiares,Mis ingresos aumentaron,,6
2021/06/02 11:30:22 a. m. GMT-5,Tlajomulco,Mujer,07/03/1972,No,IMSS,No he hecho el esfuerzo por tenerlo,No,"No me ha afectado. Al contrario, ha mejorado",No me afectó ni a mis familiares,Mis ingresos  quedaron igual,"En mi negocio las cosas mejoraron con la pandemia, es venta por catalogo. Pero se de mucha gente que si le fue muy mal y cerraron sus negocios o los corrieron de sus trabajos",5
2021/06/02 11:33:26 a. m. GMT-5,Tlaquepaque,Hombre,27/02/1994,Sí,ISSTE,No he hecho el esfuerzo por tenerlo,Sí,"El negocio sigue abierto, pero hemos tenido baja de ingresos",Hubo recorte de personal pero yo seguí con mi trabajo,Mis ingresos  quedaron igual,"Quiza economicamente no se vieron directamente por ser docentes, sin embargo los ingresos extras asi como sus actividades diarias y rutina se vieron mermadas. desafortunadamente la docencia a distancia tiene un problema muy claro, debido a que si los padres o resposables de los niños no se encuetra acompañandolos no participan en clase, muchos niños no asistian a clases por lo que daban clases a 5 o 10 niños cuando mucho. Emocional y animicamente se vieron muy afectados mis padres y eso perjudico en su salud fisica, mental y emocional",6
2021/06/02 12:07:43 p. m. GMT-5,Tlajomulco,Mujer,20/04/2002,No,Seguro de gastos médicos mayores,Cuento con seguro de gastos médicos mayores,No,,No me afectó ni a mis familiares,Mis ingresos aumentaron,"Mi papá llevaba un año sin empleo, pero por la pandemia consiguió un trabajo en Gdl y nos mudamos toda la familia.",7
2021/06/02 12:43:57 p. m. GMT-5,Zapopan,Mujer,02/06/1982,Sí,ISSTE,Cuento con seguro de gastos médicos mayores,No,"No me ha afectado. Al contrario, ha mejorado",No me afectó ni a mis familiares,Mis ingresos  quedaron igual,No se ha visto afectada del todo. ,4
2021/06/02 2:34:42 p. m. GMT-5,Zapopan,Mujer,27/03/1993,No,Seguro de gastos médicos mayores,Cuento con seguro de gastos médicos mayores,Sí,,Hubo recorte de personal pero yo seguí con mi trabajo,Mis ingresos aumentaron,,8
2021/06/02 3:51:42 p. m. GMT-5,Guadalajara,Hombre,18/10/1994,No,Seguro de gastos médicos mayores,Cuento con seguro de gastos médicos mayores,No,"El negocio sigue abierto, pero hemos tenido baja de ingresos",Hubo recorte de personal pero yo seguí con mi trabajo,Mis ingresos aumentaron,,9
2021/06/02 4:01:07 p. m. GMT-5,Tlajomulco,Mujer,29/01/1986,No,Seguro de gastos médicos mayores,Cuento con seguro de gastos médicos mayores,No,"El negocio sigue abierto, pero hemos tenido baja de ingresos",,Mis ingresos bajaron,"en el ingreso mensual de la familia, nos hemos limitado en gastos",8
2021/06/02 4:49:10 p. m. GMT-5,Zapopan,Hombre,,Sí,IMSS,Otro,No,"El negocio sigue abierto, pero hemos tenido baja de ingresos","Me descansaron, dejé de trabajar temporalmente y dejaron de pagarme",Mis ingresos  quedaron igual,"De forma drástica, no se tenía contemplado un gasto fuerte, sin si quiera estar trabajando. ",
2021/06/02 5:53:25 p. m. GMT-5,Zapopan,Hombre,23/02/1987,No,Seguro de gastos médicos mayores,Cuento con seguro de gastos médicos mayores,No,No me ha afectado,No me afectó ni a mis familiares,Mis ingresos aumentaron,Económicamente considero no nos ha afectado. Incluso mejoramos en ahorro familiar. ,0
2021/06/02 6:13:12 p. m. GMT-5,Zapopan,Mujer,30/11/1991,Sí,Seguro de gastos médicos mayores,Cuento con seguro de gastos médicos mayores,No,"No me ha afectado. Al contrario, ha mejorado",No me afectó ni a mis familiares,Mis ingresos aumentaron,La verdad todo ha mejorado,1
2021/06/02 8:12:06 p. m. GMT-5,Zapopan,Hombre,26/07/1992,Sí,IMSS,Cuento con seguro de gastos médicos mayores,No,No me ha afectado,No me afectó ni a mis familiares,Mis ingresos aumentaron,,2
2021/06/02 9:43:39 p. m. GMT-5,Zapopan,Hombre,24/07/1998,No,IMSS,Otro,No,"El negocio sigue abierto, pero hemos tenido baja de ingresos",Hubo recorte de personal pero yo seguí con mi trabajo,Mis ingresos  quedaron igual,,
2021/06/03 12:50:51 p. m. GMT-5,Guadalajara,Mujer,23/11/1998,No,Seguro de gastos médicos mayores,Cuento con seguro de gastos médicos mayores,No,No me ha afectado,No me afectó ni a mis familiares,Mis ingresos  quedaron igual,,5
2021/06/03 3:24:48 p. m. GMT-5,Zapopan,Mujer,27/12/1983,,Seguro de gastos médicos mayores,Cuento con seguro de gastos médicos mayores,No,"El negocio sigue abierto, pero hemos tenido baja de ingresos",Hubo reducción en mis prestaciones para poder continuar con el trabajo,Mis ingresos aumentaron,El año pasado nos bajaron el sueldo para que la empresa siguiera funcionando,3
2021/06/03 4:08:28 p. m. GMT-5,Tonalá,Hombre,23/06/1996,Sí,Seguro de gastos médicos mayores,Cuento con seguro de gastos médicos mayores,No,"El negocio sigue abierto, pero hemos tenido baja de ingresos",Hubo recorte de personal pero yo seguí con mi trabajo,Mis ingresos  quedaron igual,Provoco un paro económico tanto por el miedo de perder el empleo como las personas que perdieron la vida y eran un sustento en sus hogares.,6
2021/06/03 4:08:55 p. m. GMT-5,Zapopan,Hombre,20/08/1996,No,IMSS,No he hecho el esfuerzo por tenerlo,Sí,"El negocio sigue abierto, pero hemos tenido baja de ingresos",Hubo reducción en mis prestaciones para poder continuar con el trabajo,Mis ingresos bajaron,"El segundo trimestre de pandemia resultó el más complicado, ya que se me recortó el sueldo y no había muchas oportunidades para generar nuevos ingresos. En lo que a mi familia respecta, mi padre es dueño de una empresa, que estuvo al borde de la quiebra, y se mantuvo gracias a los recortes de salarios. Actualmente todo volvió a la normalidad, pero conozco muchos casos cercanos que no corrieron con la misma suerte.",6
2021/06/03 4:11:59 p. m. GMT-5,Zapopan,Hombre,01/01/1996,No,IMSS,Cuento con seguro de gastos médicos mayores,No,No me ha afectado,No me afectó ni a mis familiares,Mis ingresos aumentaron,"Ha sido un tiempo diferente, pero lo hemos sabido manejar y no nos ha afectado económicamente",4
2021/06/03 4:16:07 p. m. GMT-5,Guadalajara,Hombre,07/02/1971,No,IMSS,Cuento con seguro de gastos médicos mayores,No,"El negocio sigue abierto, pero hemos tenido baja de ingresos",No me afectó ni a mis familiares,Mis ingresos bajaron,Han bajado un tanto los ingresos y se han encarecido algunos insumos.,9
2021/06/03 4:16:52 p. m. GMT-5,Tlaquepaque,Hombre,23/12/1979,Sí,IMSS,Cuento con seguro de gastos médicos mayores,No,El negocio cerró. No teníamos como sostener los gastos,Otro,Mis ingresos  quedaron igual,"Pues económica, ya que una hermana le fue muy difícil conseguir trabajo tardo un año y a mi otra hermana le bajaron el sueldo ",7
2021/06/03 6:17:48 p. m. GMT-5,Zapopan,Hombre,03/05/2021,No,IMSS,Cuento con seguro de gastos médicos mayores,No,"El negocio sigue abierto, pero hemos tenido baja de ingresos",Hubo recorte de personal pero yo seguí con mi trabajo,Mis ingresos aumentaron,Considero que  afectó poco en comparación a otras personas. Actualmnte siento que hay una recuperación de lo que se perdió.,5
2021/06/03 10:34:55 p. m. GMT-5,Guadalajara,Hombre,19/12/1997,No,IMSS,No cuento con él porque no me alcanza el dinero,No,Otro,"Me descansaron, dejé de trabajar temporalmente y dejaron de pagarme",Mis ingresos aumentaron,"Afortunadamente no hemos sido afectados económicante por la pandemia ya que el principal sustento de la casa (mi padre), es jubilado y ha recibido su pensión sin problema.",6
2021/06/04 11:04:59 a. m. GMT-5,Zapopan,Hombre,04/06/1989,No,IMSS,Cuento con seguro de gastos médicos mayores,No,"El negocio sigue abierto, pero hemos tenido baja de ingresos",Hubo reducción en mis prestaciones para poder continuar con el trabajo,Mis ingresos bajaron,,0
2021/06/04 2:19:24 p. m. GMT-5,Puerto Vallarta,Hombre,03/06/1987,No,IMSS,,No,"El negocio sigue abierto, pero hemos tenido baja de ingresos",Hubo recorte de personal pero yo seguí con mi trabajo,Mis ingresos aumentaron,,
2021/06/04 8:31:22 p. m. GMT-5,Zapopan,Mujer,04/03/1994,No,IMSS,Cuento con seguro de gastos médicos mayores,No,"El negocio sigue abierto, pero hemos tenido baja de ingresos",Hubo recorte de personal pero yo seguí con mi trabajo,Mis ingresos  quedaron igual,Siento que todo progreso de crecimiento se pausó un año.,8
2021/06/05 6:41:07 p. m. GMT-5,Zapopan,Mujer,22/06/1980,No,Seguro de gastos médicos mayores,Cuento con seguro de gastos médicos mayores,Sí,"El negocio sigue abierto, pero hemos tenido baja de ingresos",Otro,Mis ingresos  quedaron igual,"Faltal, muchas personas y empresas cerraron y otras apenas y sobreviven",9
2021/06/10 12:44:10 a. m. GMT-5,El Salto,Hombre,16/04/1986,No,Seguro Popular,No cuento con él porque no me alcanza el dinero,Sí,El negocio cerró. No teníamos como sostener los gastos,Perdí mi trabajo a causa de la pandemia,Mis ingresos bajaron,,7
2021/06/11 11:01:21 p. m. GMT-5,Tlajomulco,Hombre,02/06/2021,Sí,Seguro de gastos médicos mayores,Cuento con seguro de gastos médicos mayores,No,Otro,Hubo recorte de personal pero yo seguí con mi trabajo,Mis ingresos  quedaron igual,,0
2021/06/12 9:54:36 a. m. GMT-5,Zapopan,Hombre,12/06/2021,No,IMSS,No cuento con él porque no me alcanza el dinero,No,"El negocio sigue abierto, pero hemos tenido baja de ingresos",No me afectó ni a mis familiares,Mis ingresos  quedaron igual,Las ventas de nuestro negocio bajaron,7
,,,,,,,,,,,,
,,Hombre,Mujer,,IMSS,Seguro de gastos,No tiene acceso,,,Bajaron,Igual,Aumentaron
,,133,104,,88,105,20,,Tienen seguro,30,60,55
,,,,,,,,,No tienen,27,27,26
,,,,,,,,,,,,
,,,,,,,,,,,,
,,,,,,,,,,,,
,,,,,,,,,,,,
,,,,,,,,,,,,
,,,,,,,,,,,,
,,,,,,,,,,,,
,,,,,,,,,,,,
,,,,,,,,,,,,
,,,,,,,,,,,,
,,,,,,,,,,,,
,,,,,,,,,,,,
,,,,,,,,,,,,
,,,,,,,,,,,,
,,,,,,,,,,,,
,,,,,,,,,,,,
,,,,,,,,,,,,
,,,,,,,,,,,,
,,,,,,,,,,,,
,,,,,,,,,,,,
,,,,,,,,,,,,
,,,,,,,,,,,,
,,,,,,,,,,,,
,,,,,,,,,,,,
,,,,,,,,,,,,
,,,,,,,,,,,,
,,,,,,,,,,,,
,,,,,,,,,,,,
,,,,,,,,,,,,
,,,,,,,,,,,,
,,,,,,,,,,,,
,,,,,,,,,,,,
,,,,,,,,,,,,
,,,,,,,,,,,,
,,,,,,,,,,,,
,,,,,,,,,,,,
,,,,,,,,,,,,
,,,,,,,,,,,,
,,,,,,,,,,,,
,,,,,,,,,,,,
,,,,,,,,,,,,
,,,,,,,,,,,,
,,,,,,,,,,,,
,,,,,,,,,,,,
,,,,,,,,,,,,
,,,,,,,,,,,,
,,,,,,,,,,,,
,,,,,,,,,,,,
,,,,,,,,,,,,0
